{
  "올리브화장품": [
    {
      "content": "여름이온다!! 화장품주 급상승",
      "influence": 3,
      "date": "2025-06-12",
      "applied": true
    },
    {
      "content": "여름이온다!! 화장품주 급상승",
      "influence": 3,
      "date": "2025-06-12",
      "applied": true
    },
    {
      "content": "test",
      "influence": 3,
      "date": "2025-06-12",
      "applied": true
    }
  ],
  "올리브AI": [
    {
      "content": "AI 기대감에 못미쳐 ..",
      "influence": 2,
      "date": "2025-06-12",
      "applied": true
    }
  ]
}