{
  "팔라딘타워": {
    "price": 1500,
    "trend": "up",
    "trend_days": 0,
    "initial": 1000,
    "history": [
      1501,
      1500,
      1509,
      1500,
      1500,
      1500,
      1500,
      1500,
      1500,
      1500
    ],
    "last_updated": "2025-06-12"
  },
  "마녀센터": {
    "price": 1500,
    "trend": "up",
    "trend_days": 0,
    "last_trade": "2025-06-12",
    "initial": 1000,
    "history": [
      1555,
      1577,
      1584,
      1500,
      1500,
      1500,
      1500,
      1500,
      1500,
      1500
    ],
    "last_updated": "2025-06-12"
  }
}